id,nameDepartment,addressDepartment
1,Research and Development,000 Chinook Drive
2,Human Resources,456 Charing Cross Court
3,Marketing,21 Thierer Drive
4,Support,27 Loeprich Circle
5,Product Management,5 Nova Plaza
6,Training,9 Anhalt Street
7,Engineering,730 Cordelia Point
8,Research and Development,6 Hauk Pass
9,Services,49 Bartillon Plaza
10,Engineering,49327 Blue Bill Park Point
11,Human Resources,2 Pearson Plaza
12,Sales,3953 Moland Terrace
13,Legal,6 Paget Junction
14,Accounting,8 Swallow Park
15,Training,6 Hoard Street
16,Support,8591 Surrey Plaza
17,Research and Development,17 Westend Street
18,Product Management,4 Dapin Way
19,Support,512 Meadow Vale Junction
20,Engineering,15414 School Hill
21,Sales,676 Superior Hill
22,Sales,84005 Huxley Pass
23,Training,48945 Division Point
24,Marketing,7 Melvin Alley
25,Product Management,78252 Meadow Ridge Alley
26,Human Resources,5526 Vernon Lane
27,Training,1 Morning Parkway
28,Services,92380 Montana Pass
29,Services,6 Continental Hill
30,Services,0 Sunfield Drive
31,Accounting,31807 Del Mar Junction
32,Training,33 Fallview Drive
33,Human Resources,80387 Acker Drive
34,Training,6329 Cherokee Parkway
35,Services,0 Macpherson Pass
36,Services,48 Lakewood Gardens Trail
37,Business Development,63306 Vidon Trail
38,Support,788 Lawn Hill
39,Research and Development,02 Doe Crossing Street
40,Accounting,62418 Arrowood Junction
41,Research and Development,20966 Menomonie Lane
42,Human Resources,3129 Coleman Parkway
43,Sales,830 Kenwood Crossing
44,Product Management,8 Waubesa Place
45,Accounting,7059 Graedel Lane
46,Sales,74601 Tomscot Avenue
47,Legal,724 Algoma Lane
48,Human Resources,02321 Luster Terrace
49,Sales,62170 Karstens Circle
50,Sales,75 Lien Drive
51,Marketing,451 Heffernan Plaza
52,Human Resources,43605 Scott Way
53,Human Resources,289 Declaration Center
54,Human Resources,345 John Wall Terrace
55,Business Development,54 Mcguire Crossing
56,Business Development,8175 Troy Plaza
57,Business Development,72052 Schmedeman Terrace
58,Marketing,23 Sherman Street
59,Product Management,86 Schiller Pass
60,Support,66409 Lakewood Gardens Lane
61,Engineering,522 Scott Road
62,Sales,1044 Stuart Hill
63,Accounting,56720 Sunnyside Point
64,Accounting,71 Nobel Road
65,Human Resources,8 Thierer Trail
66,Research and Development,2 Autumn Leaf Alley
67,Training,307 Paget Way
68,Human Resources,1770 Loomis Terrace
69,Legal,20963 Melody Terrace
70,Business Development,49 Washington Alley
71,Human Resources,7 Dexter Lane
72,Research and Development,496 Old Gate Hill
73,Accounting,546 Summer Ridge Avenue
74,Business Development,2637 Dakota Center
75,Human Resources,788 Sunnyside Hill
76,Services,97 Nova Trail
77,Services,5 Grover Circle
78,Sales,72 Northview Junction
79,Product Management,145 Bowman Park
80,Product Management,31911 Glendale Park
81,Sales,00 Messerschmidt Place
82,Legal,6 Springview Terrace
83,Business Development,8 Graedel Terrace
84,Product Management,4 Hanover Place
85,Services,100 Orin Junction
86,Legal,677 Vermont Hill
87,Support,18602 Grayhawk Trail
88,Legal,034 High Crossing Avenue
89,Accounting,9 Hintze Street
90,Business Development,876 Westerfield Center
91,Human Resources,47 Northland Drive
92,Support,9160 Lotheville Road
93,Support,720 Goodland Drive
94,Product Management,2 Rusk Alley
95,Training,1 Park Meadow Court
96,Services,01338 Thierer Lane
97,Business Development,6 Texas Point
98,Product Management,170 David Trail
99,Marketing,283 Mccormick Junction
100,Engineering,0826 Arkansas Street
101,Legal,990 Charing Cross Lane
102,Marketing,26187 Service Street
103,Research and Development,28133 Kim Junction
104,Training,657 Veith Street
105,Research and Development,1861 Shasta Way
106,Support,0 Eastwood Junction
107,Services,90286 Pankratz Hill
108,Marketing,62 Little Fleur Junction
109,Product Management,71 Bunting Parkway
110,Support,02161 Buena Vista Junction
111,Engineering,11 Dakota Road
112,Training,03 Gale Drive
113,Human Resources,42903 Scoville Junction
114,Business Development,5 Hooker Hill
115,Research and Development,804 Claremont Hill
116,Engineering,38 Helena Place
117,Services,8624 Shasta Hill
118,Business Development,2 Homewood Terrace
119,Research and Development,611 Kingsford Trail
120,Support,4253 Starling Park
121,Research and Development,1169 Fordem Parkway
122,Product Management,32 Glendale Point
123,Marketing,29 Dahle Point
124,Accounting,6473 Elmside Lane
125,Support,8 Warbler Parkway
126,Legal,8 Ilene Center
127,Product Management,54 Hallows Hill
128,Accounting,32271 Melvin Terrace
129,Legal,10 Hoffman Court
130,Business Development,45 Sloan Circle
131,Product Management,84 Marquette Terrace
132,Sales,95247 Hudson Point
133,Engineering,1832 Bartillon Way
134,Services,4 Helena Center
135,Services,4 Superior Street
136,Support,9146 Carioca Drive
137,Human Resources,19635 Lindbergh Road
138,Marketing,74 Steensland Road
139,Support,2775 Mayfield Plaza
140,Product Management,55 Straubel Parkway
141,Support,60 Melvin Road
142,Human Resources,5 Pennsylvania Street
143,Human Resources,590 Park Meadow Drive
144,Research and Development,12315 Birchwood Junction
145,Legal,4361 Moose Way
146,Legal,8528 Union Circle
147,Services,1725 Oxford Circle
148,Product Management,1000 Mockingbird Street
149,Human Resources,3941 Hollow Ridge Terrace
150,Support,96159 Dexter Place
151,Human Resources,320 Rockefeller Circle
152,Engineering,7258 Artisan Court
153,Legal,93674 Annamark Point
154,Research and Development,253 Dixon Pass
155,Marketing,83222 Fremont Way
156,Sales,704 3rd Court
157,Product Management,3 Anniversary Plaza
158,Human Resources,05 Delaware Junction
159,Research and Development,7 Vernon Center
160,Product Management,6158 Melvin Pass
161,Training,5 Golden Leaf Point
162,Human Resources,813 Jenna Hill
163,Marketing,464 Merry Center
164,Engineering,95249 Trailsway Point
165,Marketing,58 Dexter Terrace
166,Sales,378 Namekagon Point
167,Business Development,2275 Hermina Trail
168,Services,3158 Doe Crossing Trail
169,Support,59 Mallard Avenue
170,Research and Development,47 Nelson Avenue
171,Business Development,7488 Roth Drive
172,Training,56 Washington Junction
173,Sales,016 Elmside Hill
174,Services,46442 Rusk Road
175,Accounting,447 Starling Crossing
176,Training,84 Upham Road
177,Marketing,370 Ridgeway Plaza
178,Support,79159 Elgar Hill
179,Support,030 Holy Cross Court
180,Support,46862 Warner Parkway
181,Sales,8 Bay Alley
182,Product Management,40056 Ridgeway Lane
183,Accounting,970 Dennis Parkway
184,Marketing,4 Amoth Circle
185,Product Management,878 Kingsford Trail
186,Training,3 Merry Center
187,Human Resources,5 Emmet Street
188,Research and Development,99 Calypso Court
189,Human Resources,20434 Pawling Park
190,Legal,992 Southridge Lane
191,Support,05 Oneill Hill
192,Legal,1489 Fremont Place
193,Engineering,72455 Dakota Drive
194,Business Development,7828 Hoffman Parkway
195,Training,2 Hooker Center
196,Marketing,1 Muir Court
197,Product Management,80615 Meadow Valley Street
198,Marketing,9212 Dawn Pass
199,Accounting,70962 Sommers Center
200,Engineering,85 Mitchell Pass
