id,surnames,name,birthday
1,Daniel,Thekla,12/4/1959
2,Lemery,Hannis,3/5/1957
3,Grindrod,Debera,10/21/1960
4,Janek,Reed,5/21/1974
5,Hassey,Tom,5/9/1965
6,Linne,Bidget,1/12/1974
7,Pursey,Janie,3/6/1975
8,Huot,Tomas,5/12/1967
9,Davers,Katine,9/7/1977
10,Gabbot,Eugenie,11/11/1964
11,Mixworthy,Domeniga,6/8/1969
12,Ashley,Padget,5/6/1957
13,Le Franc,Antone,7/12/1976
14,Cheves,Graig,1/20/1974
15,Dinnington,Karita,7/17/1969
16,Doy,Ketty,5/26/1961
17,Jozefowicz,Rancell,1/9/1977
18,Furlow,Leonid,10/20/1974
19,Conant,Ilene,9/9/1974
20,Ezele,Urbano,5/27/1956
21,Shearer,Arnuad,8/25/1956
22,Ashborn,Salvidor,12/26/1977
23,Meace,Sergeant,2/6/1982
24,Chatfield,Gayler,2/4/1979
25,Caghy,Fraze,2/15/1976
26,Vasyukhin,Annissa,12/15/1968
27,Elion,Chrystel,9/21/1971
28,Perham,Rupert,6/26/1973
29,MacGillavery,Cary,11/1/1980
30,Beavon,Elvira,6/6/1978
31,Acland,Marylee,4/26/1979
32,Cussins,Chaunce,9/16/1978
33,Dobbing,Germain,6/3/1963
34,Southcott,Claudian,12/5/1968
35,Coatham,Lenee,5/1/1972
36,Souttar,Rozelle,1/31/1973
37,Dot,Elnar,6/7/1968
38,Shawyers,Kipper,7/13/1955
39,Mullord,Ali,12/6/1980
40,Holdron,Hilario,2/28/1963
41,Swinford,Casar,4/19/1982
42,Cessford,Wayne,5/31/1969
43,Hobson,Jada,3/20/1965
44,Tivenan,Imelda,6/17/1980
45,Palliser,Adore,2/22/1982
46,Wakely,Sheelah,8/26/1962
47,Tanby,Lonnard,4/1/1962
48,Feldman,Vilma,12/31/1967
49,Tully,Neron,11/19/1977
50,Goacher,Dagmar,8/24/1969
51,Leech,Boycie,4/24/1980
52,Benzies,Murial,12/28/1955
53,Greydon,Todd,10/16/1978
54,Cassin,Helaina,11/9/1971
55,Mulvaney,Maribel,6/5/1967
56,Gait,Gardner,4/3/1969
57,Renad,Norbie,6/8/1974
58,Brake,Sylvester,1/18/1958
59,Cone,Mauricio,1/8/1971
60,Coulthard,Jane,1/25/1957
61,McGahern,Richart,7/20/1970
62,Byrcher,Tristam,1/25/1959
63,Glasper,Theodora,11/27/1961
64,Zellmer,Charissa,5/30/1978
65,Francescozzi,Lida,6/14/1959
66,Hrus,Veronica,2/21/1978
67,Petticrow,Zandra,11/24/1970
68,Tocqueville,Ezechiel,5/11/1978
69,McHaffy,Kaycee,10/30/1962
70,Marzele,Eziechiele,1/19/1964
71,Peppard,Sada,10/6/1958
72,Coatsworth,Benoite,6/12/1959
73,Baldinotti,Mari,1/29/1966
74,Kadwallider,Angie,10/23/1969
75,Pulteneye,Kip,10/27/1975
76,Leinster,Westbrook,1/27/1971
77,Stickley,Jenny,9/22/1959
78,Fosken,Dorena,4/3/1960
79,Zolini,Chas,9/7/1959
80,Boatswain,Liva,1/16/1967
81,Sawnwy,Stephani,11/20/1969
82,Ticehurst,Nanny,2/16/1967
83,Fearnall,Kipper,3/19/1965
84,Minchindon,Alexandr,5/21/1979
85,Damp,Tate,8/26/1972
86,Macoun,Gan,4/24/1975
87,Cadalleder,Marsha,9/24/1973
88,Heinsius,Aleda,9/18/1972
89,Conew,Lucretia,3/27/1965
90,Mattingley,Valentino,5/16/1974
91,Dreher,Itch,8/16/1970
92,Beresford,Ebony,8/8/1971
93,Brabben,Jonie,3/8/1968
94,Oxtarby,Pierce,2/24/1959
95,Atcock,Mickie,2/26/1975
96,Nardi,Jorie,6/22/1979
97,Keynes,Selinda,10/24/1971
98,Bierman,Roshelle,1/16/1956
99,Dever,Flory,4/19/1959
100,Scaddon,Kev,7/25/1956
101,Aleso,Sadella,3/24/1964
102,Kubica,Jany,11/9/1968
103,Slowgrave,Jeralee,7/8/1961
104,Cords,Bibi,9/14/1971
105,Itzkowicz,Gabie,11/1/1970
106,Radclyffe,Davie,5/17/1980
107,Fusco,Andi,2/2/1962
108,Perkis,Abeu,10/15/1963
109,Delleschi,Eugenia,5/27/1977
110,Brayley,Weber,9/18/1980
111,Tidmarsh,Dorey,4/24/1978
112,Goodram,Chandal,6/30/1973
113,Byrd,Starr,4/4/1973
114,Elkington,Dur,9/9/1969
115,Haliburton,Frederica,6/11/1965
116,Abbets,Lacie,1/17/1955
117,Ridsdell,Coral,8/7/1975
118,Malinowski,Tracy,9/19/1976
119,Coch,Ludvig,2/1/1966
120,Musico,Henderson,11/14/1981
121,Surr,Salmon,3/16/1967
122,Bragg,Merle,7/15/1963
123,Jenks,Roshelle,3/1/1982
124,Hannigan,Stefan,7/23/1966
125,Friedenbach,Ricard,6/18/1979
126,Hagard,Bryan,10/19/1977
127,Clampett,Nettie,11/14/1958
128,Kimmerling,Sissie,5/27/1966
129,Janecki,Hartley,4/22/1976
130,Flowitt,Claudius,8/9/1962
131,Frossell,Dulcia,3/2/1961
132,Wernher,Joann,9/9/1968
133,Keinrat,Berni,11/8/1975
134,Aust,Logan,7/3/1973
135,Simpkin,Flint,1/2/1960
136,Henker,Bell,5/16/1972
137,Velti,Aldis,7/12/1981
138,Ethersey,Tobe,8/21/1974
139,Duffell,Dolorita,3/23/1955
140,Fernan,Westleigh,12/5/1970
141,Slemming,Merill,1/14/1965
142,Seamarke,Alexi,7/10/1960
143,Clapison,Daniela,1/28/1968
144,Simcox,Dean,6/30/1975
145,Boadby,Giacomo,5/22/1972
146,Sinyard,Maia,1/10/1966
147,Lewis,Kelsy,11/1/1964
148,Toffano,Kev,2/2/1961
149,Cholton,Janene,5/29/1970
150,Hambatch,Kym,9/25/1963
151,Wynn,Graehme,2/7/1959
152,Starkie,Jecho,8/25/1973
153,Naismith,Ebony,9/16/1973
154,Mcasparan,Tiffanie,11/27/1975
155,Fullman,Alaster,12/14/1977
156,Drover,Sandie,1/11/1959
157,Berntsson,Chloette,3/18/1971
158,Tollett,Alison,1/31/1959
159,Dalzell,Barbee,11/16/1978
160,Durno,Shermy,8/1/1971
161,Jakubovsky,Calley,11/27/1962
162,Eddicott,Alysia,11/12/1961
163,Craggs,Merrill,11/12/1977
164,Reape,Stavros,12/21/1961
165,McNirlin,Lawry,3/8/1957
166,Craggs,Delbert,5/6/1969
167,Gatheral,Amil,6/12/1975
168,Sandhill,Kore,7/30/1974
169,Brodnecke,Grazia,9/28/1970
170,Pargent,Jeannie,2/6/1974
171,Winterbottom,Sheffie,10/13/1969
172,Vannah,Maris,12/2/1958
173,Washtell,Mead,1/5/1971
174,MacDowal,Halette,6/22/1978
175,Klouz,Tamqrah,3/13/1978
176,Wisniewski,Collete,2/19/1973
177,Urion,Tess,3/24/1961
178,Eade,Shelby,8/6/1981
179,Chittey,Torrin,11/27/1970
180,Glazer,Shaun,11/26/1981
181,Elcome,Oliviero,8/3/1974
182,Gissop,Eunice,8/25/1976
183,Janic,Carlin,9/8/1957
184,Sanbroke,Harwell,7/21/1956
185,Mac Giolla Pheadair,Nalani,3/7/1955
186,Moir,Mill,4/27/1970
187,Preedy,Robbin,11/6/1961
188,Dearnaly,Jens,12/25/1982
189,Schooley,Adams,7/10/1957
190,Kristoffersen,Letitia,11/14/1958
191,Borell,Vladimir,1/12/1958
192,Mival,Fern,7/8/1955
193,Pickles,Kipp,6/27/1964
194,Rowena,Grant,12/4/1960
195,Lambertini,Duff,9/5/1965
196,Peare,Kali,12/24/1959
197,Battison,Tommy,12/4/1970
198,Castanie,Beryl,9/7/1981
199,Jersch,Michael,2/24/1978
200,Brady,Aluin,12/8/1979
201,Bettam,Camilla,8/7/1978
202,Vedyashkin,Gino,4/27/1962
203,Peek,Zsazsa,4/8/1958
204,Wonfar,Chadd,10/8/1969
205,Schimann,Joy,2/5/1960
206,Tisun,Silvano,7/1/1982
207,Vegas,Rance,12/11/1973
208,Sherrocks,Jefferson,7/2/1968
209,Cronkshaw,Carlen,7/15/1962
210,Melanaphy,Pietro,8/16/1980
211,Campaigne,Reinhard,7/22/1963
212,Petrello,Olga,12/31/1982
213,Paddingdon,Doria,3/17/1958
214,Slemmonds,Mala,7/30/1977
215,Triggs,Elvyn,2/25/1979
216,Shildrake,Matteo,11/26/1976
217,Perrie,Sheryl,2/3/1958
218,Winkworth,Filmore,1/16/1962
219,Moran,Suzie,8/27/1976
220,Cownden,Malinde,4/18/1972
221,Coats,Barbabra,4/2/1970
222,Vasyunichev,Barclay,1/21/1973
223,Nutty,Liesa,5/19/1980
224,Llewhellin,Vanya,11/30/1963
225,Josland,Clevey,12/7/1963
226,Colledge,Valera,12/5/1977
227,Stoves,Marika,1/21/1966
228,Wyer,Atlanta,8/2/1980
229,Leber,Justine,6/6/1957
230,Bristow,Charissa,2/15/1961
231,Gibbe,Hodge,4/18/1963
232,Brunroth,Leland,4/7/1958
233,Venditti,Felic,4/30/1973
234,Kerner,Dom,7/4/1959
235,Mowday,Adolpho,2/15/1969
236,Fouracre,Hersh,12/22/1969
237,Pulteneye,Isak,10/6/1975
238,Thunderchief,Rozalin,4/24/1971
239,Merit,Bartholemy,1/30/1972
240,Cathcart,Templeton,2/5/1967
241,Adlard,Mayor,7/18/1976
242,Matson,Sammy,1/4/1956
243,Wrankling,Wye,5/18/1971
244,Simeoni,Weidar,12/28/1958
245,Goodwins,Brittan,5/7/1974
246,Standon,Jose,8/9/1981
247,Dunning,Elle,3/3/1972
248,Piken,Atlante,9/4/1981
249,Boddam,Becka,9/3/1972
250,Gulley,Fania,2/4/1976
251,Dumigan,Padriac,6/11/1956
252,O'Lynn,Lolita,10/23/1978
253,Kobes,Faith,11/15/1966
254,Caren,Hayes,12/31/1960
255,Le Noury,Dale,1/14/1970
256,Roy,Kaila,6/18/1962
257,Shivell,Husein,9/12/1967
258,Passy,Reena,3/31/1972
259,Donnett,Saxe,3/30/1968
260,Meric,Gerhard,10/9/1965
261,Jelley,Lorne,9/22/1957
262,Kalinsky,Shaina,12/6/1963
263,Van der Velden,Pollyanna,2/5/1962
264,Bowshire,Wendell,10/19/1958
265,Zettler,Delila,2/2/1963
266,Marchington,Nichole,2/12/1959
267,Minshall,Halli,6/26/1962
268,Batterton,Harbert,12/26/1969
269,Moxted,Belle,1/18/1964
270,Sharkey,Hershel,2/8/1979
271,Illyes,Peadar,5/30/1968
272,Onge,Sally,9/1/1975
273,Shillabear,Jamill,6/19/1966
274,Hamnett,Tracee,8/5/1982
275,Oller,Orland,11/17/1972
276,Erswell,Susana,11/29/1962
277,Bordone,Jessalin,3/29/1970
278,Makinson,Tadio,1/21/1965
279,Richford,Alison,11/22/1979
280,Grent,Harv,11/2/1967
281,Blague,Nichole,2/25/1972
282,Heakey,Ruth,11/21/1975
283,Worsham,Nichole,5/29/1979
284,Pavlenko,Arleta,9/29/1965
285,Mulberry,Danika,9/23/1955
286,Truss,Isabelita,7/12/1974
287,Rabidge,Letta,9/13/1962
288,Garland,Tisha,2/27/1975
289,Humbell,Toddy,1/25/1982
290,Matitiaho,Sandor,12/17/1967
291,Klaffs,Manya,12/6/1980
292,Woollam,Bertine,1/12/1969
293,Ladewig,Nada,6/30/1974
294,Casaccio,Wilmette,5/8/1979
295,Deaton,Marketa,5/12/1977
296,Gavini,Bevon,10/13/1967
297,Dainter,Coretta,9/12/1961
298,Zelner,Corinna,8/22/1970
299,Poetz,Leopold,11/24/1980
300,Gosney,Shelby,9/5/1978
301,Hallowes,Rickert,2/2/1970
302,Forsdicke,Genvieve,4/21/1955
303,Grent,Adrienne,1/3/1973
304,Lalor,Freddi,7/6/1974
305,Tosspell,Noni,3/30/1977
306,Alforde,Kipp,12/16/1979
307,Cromar,Elladine,4/28/1979
308,Fairy,Ajay,5/14/1959
309,Duffin,Kym,6/2/1981
310,Cann,Randee,9/19/1956
311,Crockford,Clayborn,11/4/1961
312,Karlqvist,Bertine,9/3/1966
313,Mauger,Rouvin,1/29/1973
314,Denver,Garrik,7/5/1960
315,Sparling,Sibelle,6/22/1975
316,Arundel,Moria,10/13/1973
317,Lemin,Andrew,7/4/1963
318,Gahan,Siouxie,3/25/1967
319,Colquit,Maurita,12/10/1976
320,Nevill,Timothee,5/12/1964
321,Whitham,Aime,4/24/1979
322,Yerrell,Shaine,7/13/1964
323,Milne,Ole,11/4/1970
324,Raven,Christophorus,8/19/1980
325,Gomery,Delphinia,8/18/1975
326,Riddich,Vernon,3/31/1970
327,Auton,Osborne,4/2/1981
328,De Francisci,Jewelle,4/13/1965
329,Conechie,Brand,10/15/1961
330,Duxfield,Lacy,2/10/1966
331,Weatherall,Chandal,7/30/1969
332,Brumen,Theodore,10/3/1965
333,Stinton,Aurlie,2/1/1968
334,Boddam,Brandice,1/1/1978
335,Wythe,Kean,12/29/1961
336,Aggett,Randie,4/27/1957
337,Hudless,Winni,11/28/1974
338,Brewins,Darlleen,8/26/1974
339,Bellward,Dorie,10/11/1978
340,McCunn,Starlin,7/22/1980
341,Horsell,Gardener,11/9/1969
342,Everist,Raoul,10/30/1978
343,Derrington,Hi,8/18/1964
344,Wehner,Ceil,1/17/1978
345,Rodge,Jami,2/7/1979
346,Grewcock,Kiley,10/11/1961
347,Forward,Dewie,10/16/1977
348,Crisford,Cord,9/7/1966
349,Capeling,Rosanna,12/22/1959
350,Jira,Tommi,9/28/1969
351,Pashenkov,Paxon,6/22/1966
352,Hegg,Elle,11/7/1978
353,Garling,Tedra,1/2/1966
354,Lander,Lana,7/13/1965
355,Kensit,Cody,2/13/1977
356,Durbann,Gusta,2/24/1959
357,Kid,Zacharie,9/19/1964
358,Fillingham,Neilla,9/11/1972
359,Haensel,Roberto,7/24/1976
360,Normavill,Sayer,11/29/1981
361,Klimes,Candie,9/20/1978
362,Gerard,Poul,11/23/1964
363,Dowrey,Wait,6/24/1978
364,Ketts,Bran,12/25/1957
365,Behrend,Grange,11/7/1967
366,Harkess,Cliff,11/11/1982
367,Vyel,Joel,4/29/1978
368,Fetter,Vyky,10/25/1980
369,Colomb,Rayshell,9/9/1955
370,Stammers,Erma,2/11/1973
371,Coon,Kristyn,12/18/1956
372,Blint,Jehu,3/17/1969
373,Linnit,Elsbeth,10/26/1958
374,Brezlaw,Marcel,5/18/1962
375,Spragg,Shem,12/6/1962
376,Damarell,Patrica,7/9/1977
377,Robe,Louis,12/18/1974
378,Heintzsch,Cesaro,2/20/1968
379,Baxandall,Crosby,4/17/1971
380,Angrave,Nalani,1/30/1977
381,Calow,Minny,5/16/1967
382,Brownsea,Rutger,5/13/1961
383,Scholard,Kristi,11/16/1961
384,Mandal,Berti,12/19/1977
385,Stegers,Nils,9/19/1958
386,Dalgetty,Charlena,1/20/1970
387,Manie,Eddy,11/2/1968
388,Leathers,Lin,12/22/1965
389,Milesap,Myer,6/4/1957
390,Verzey,Dacie,6/1/1973
391,Reddy,Reggy,12/4/1955
392,Ready,Alvira,8/18/1979
393,Hillaby,Rowland,10/3/1960
394,Chatto,Carlie,6/4/1957
395,Dodell,Daria,1/27/1962
396,Haggerty,Rafaello,11/14/1981
397,Spavins,Sandye,4/12/1971
398,Halladey,Jabez,6/17/1959
399,Caldecutt,Alyosha,12/13/1972
400,Petroff,Gilburt,8/26/1957
401,Charlo,Jonah,11/30/1961
402,Roz,Rikki,5/16/1955
403,Bracegirdle,Arvin,4/28/1978
404,Pavlishchev,Phoebe,4/1/1966
405,Burdus,Bing,4/29/1966
406,Bratcher,Idette,4/24/1968
407,Plom,Roxi,3/9/1971
408,Audry,Samantha,9/25/1967
409,Shropshire,Pamelina,3/31/1973
410,Smy,Judith,6/5/1981
411,Earp,Cyb,7/23/1958
412,Skouling,Kacy,12/2/1956
413,Savine,Ivor,9/2/1970
414,Stansall,Ali,10/27/1972
415,Tumulty,Kellie,10/27/1968
416,Guare,Gabie,10/1/1982
417,Kuna,Colene,4/24/1961
418,Tiffany,Gerhard,5/19/1981
419,De Maria,Renaud,4/12/1979
420,Turfs,Elsbeth,1/6/1968
421,Pinder,Murdock,5/7/1967
422,Creffeild,Elissa,1/6/1959
423,Battabee,Archambault,8/4/1957
424,Embery,Michel,3/14/1961
425,Papis,Gabbey,10/12/1976
426,Ciccotti,Tamra,9/20/1969
427,Tokell,Ode,4/24/1980
428,Bussell,Dunn,5/8/1962
429,Scutchin,Olympe,1/9/1979
430,Cowpertwait,Nadia,7/17/1977
431,Gwillyam,Ginevra,5/24/1973
432,McGaugie,Sarah,8/20/1981
433,Brise,Emmie,12/7/1970
434,Swett,Nataniel,3/8/1956
435,Lamort,Rosalinde,9/21/1974
436,Trebilcock,Eugenia,11/7/1958
437,Shardlow,Alaster,11/9/1982
438,Fozard,Audy,2/18/1980
439,Culvey,Joaquin,3/8/1962
440,Libero,Evyn,4/13/1980
441,Yeoman,Eula,3/16/1979
442,Di Roberto,Gino,4/27/1971
443,Pittford,Waldemar,9/25/1973
444,Schoroder,Harlen,3/18/1956
445,Girodias,Cara,4/23/1976
446,MacDuff,Andi,12/27/1961
447,Baum,Desiree,1/28/1955
448,Richarson,Adiana,9/24/1959
449,Aldam,Eduino,5/5/1966
450,Tregunna,Townie,7/6/1981
451,Tibbotts,Corinna,4/11/1967
452,Froschauer,Astra,2/4/1958
453,Daunay,Jackqueline,12/29/1980
454,Bril,Coralie,12/5/1980
455,Papa,Archy,5/11/1961
456,Sweetsur,Israel,12/9/1962
457,Rosell,Hube,10/29/1955
458,Laroux,Orly,1/4/1968
459,Pedlingham,Rebe,5/11/1958
460,Dani,Casar,7/19/1961
461,Popping,June,6/11/1977
462,Lantuff,Pernell,6/22/1965
463,Lodford,Margy,1/14/1960
464,Dye,Renaldo,6/7/1957
465,Rawsen,Brenda,4/15/1981
466,Davidofski,Kacie,9/28/1956
467,Hearnah,Korella,11/8/1979
468,Sammonds,Griz,3/29/1979
469,Skerritt,Skipton,7/3/1974
470,Rosborough,Merissa,11/7/1968
471,Glas,Gibbie,12/4/1980
472,MacAllester,Julianne,11/7/1979
473,Scalia,Hastings,11/23/1979
474,Stear,Rosalinda,5/31/1973
475,Colcutt,Wilburt,5/9/1980
476,Derisly,Meggi,2/21/1975
477,Ducrow,John,3/10/1969
478,Vaughan,Rosalinda,5/6/1974
479,Dinnis,Murdoch,3/13/1978
480,Eakins,Constantia,3/25/1970
481,Tather,Marie,12/2/1980
482,Guyers,Etan,7/24/1963
483,Stirton,Lindie,10/6/1978
484,Kruschev,Joe,10/20/1960
485,Hacket,Hermie,9/17/1960
486,Crehan,Katya,12/20/1978
487,Crowth,Silvio,9/11/1960
488,Schroeder,Connie,10/7/1976
489,Lawry,Tamar,3/4/1972
490,Canada,Brander,3/20/1980
491,Carlisle,Merilyn,9/23/1966
492,Vyel,Marylinda,5/13/1967
493,Lambertz,Mella,2/22/1964
494,Sorrell,Isidore,9/21/1970
495,Iannelli,Kay,3/13/1972
496,Querrard,Burtie,11/26/1976
497,Smale,Weylin,9/24/1967
498,Allard,Fitz,10/21/1975
499,Planks,Haleigh,5/4/1971
500,Decort,Gallagher,12/28/1981
501,Morley,Nertie,11/29/1973
502,Lamonby,Avis,1/1/1975
503,Balsdone,Marjy,6/24/1977
504,Leatherland,Dacy,1/31/1974
505,Broose,Joey,8/26/1968
506,Gallamore,Bertine,6/25/1977
507,Pashba,Jonis,5/14/1981
508,Christofides,Clovis,11/19/1965
509,Legrand,Carver,9/5/1959
510,Hairyes,Ernie,2/10/1958
511,Wickling,Seka,11/2/1966
512,Tann,Jillene,2/27/1978
513,Geraghty,Halsy,3/31/1962
514,Anglin,Gabi,9/18/1963
515,Kennady,Lon,3/22/1980
516,Beacroft,Nil,3/5/1964
517,Wynne,Massimiliano,2/5/1977
518,Cattrell,Jolynn,4/18/1968
519,Swapp,Dniren,8/25/1978
520,Pidon,Walt,6/26/1956
521,Dunican,Theodoric,11/16/1955
522,Castiello,Stella,4/13/1958
523,Peatheyjohns,Maure,6/17/1964
524,McPeck,Dacey,9/16/1968
525,Deplacido,Law,9/26/1964
526,Bernardoni,Uri,6/10/1967
527,Shepstone,Phil,9/18/1957
528,Ellesworthe,Alexio,2/28/1964
529,Twining,Clerissa,5/5/1965
530,Whyborn,Kristoffer,6/18/1975
531,Davey,Fredek,9/2/1967
532,Muzzollo,Addia,7/6/1958
533,Andreassen,Diana,9/11/1962
534,Durgan,Aubert,10/29/1981
535,Shaughnessy,Letitia,7/20/1961
536,Philbrick,Graig,6/26/1981
537,Dolby,Rickie,12/23/1956
538,Lerway,Cornie,11/7/1955
539,Vautrey,Maudie,1/20/1981
540,Guislin,Gannie,4/10/1974
541,Bagnell,Nelie,6/17/1982
542,Middlebrook,Zeb,7/25/1960
543,Corker,Alonso,4/16/1976
544,Castagnone,Trixie,9/27/1959
545,Tully,Benedick,10/14/1972
546,Kettell,Trueman,4/22/1975
547,Sweeny,Becca,7/25/1967
548,Pieracci,Vinny,6/6/1977
549,Lubeck,Flin,5/16/1962
550,Izkoveski,Adelina,10/20/1962
551,Warboy,Willetta,2/15/1974
552,Vickerman,Nicoline,7/12/1980
553,Arzu,Jackie,1/17/1967
554,Jurasek,Rayshell,12/25/1970
555,Chese,Davida,4/22/1967
556,MacKeever,Piggy,11/15/1982
557,Kinney,Nelson,2/5/1976
558,Pickavant,Gale,6/22/1956
559,Cooke,Godard,5/17/1956
560,Stoppard,Nell,7/28/1962
561,Pawlik,Hodge,12/28/1955
562,Linley,Olva,3/4/1965
563,Duckit,Lorianna,2/23/1957
564,Geddis,Leonid,3/10/1977
565,Davio,Wylma,5/19/1981
566,Stanyard,Elianore,1/11/1963
567,Wetwood,Worden,4/21/1979
568,Sebyer,Aeriel,3/9/1973
569,Greenmon,Emily,4/8/1957
570,MacBey,Ailbert,3/14/1978
571,Rangeley,Meade,6/1/1981
572,Bazely,Otha,6/30/1975
573,Perrycost,Randie,3/18/1959
574,Clayden,Dacey,10/9/1962
575,Python,Pierette,4/4/1975
576,Sacks,Dael,3/11/1979
577,Lacroux,Nettie,6/14/1981
578,Nerne,Dora,12/7/1967
579,Apps,Aveline,9/7/1980
580,Canter,Romain,1/19/1978
581,Schwandner,Genevra,4/7/1958
582,Hartlebury,Meyer,12/21/1955
583,Conneely,Mandie,7/13/1972
584,Wadeling,Constanta,2/21/1974
585,Jailler,Collin,10/27/1975
586,Brauninger,Thorsten,2/23/1967
587,Gripton,Montague,6/2/1977
588,Poe,Milissent,1/30/1961
589,Blunn,Chaddy,5/6/1956
590,Stegell,Zonnya,9/5/1970
591,Sinkin,Paddy,1/2/1960
592,Wakelam,Genni,1/5/1957
593,Kemsley,Tyson,11/24/1971
594,Blaiklock,Kristoffer,10/1/1974
595,Clews,Virgie,2/27/1960
596,Northover,Bernardine,7/24/1958
597,Swigger,Wendy,6/28/1965
598,Moat,Rozamond,1/1/1974
599,Korneev,Seumas,12/3/1956
600,Hyder,Raquela,1/18/1961
601,Whorall,Lisette,5/7/1982
602,Povey,Eadie,11/3/1975
603,Lowten,Minni,7/8/1955
604,Prescott,Onfre,9/18/1980
605,McLoney,Feliks,1/20/1957
606,Veeler,Cammy,3/18/1973
607,Durrand,Emmett,10/3/1969
608,Commins,Arte,4/25/1982
609,Berrill,Yehudit,10/21/1963
610,Ferreli,Jarrad,12/31/1978
611,Blything,Lezley,11/14/1962
612,Shenton,Alida,4/26/1974
613,Noon,Thorndike,5/12/1979
614,Labeuil,Alley,6/29/1965
615,Veivers,Orion,11/13/1979
616,Offell,Tallie,8/6/1966
617,Oaker,Calypso,12/3/1968
618,Biers,Sigfrid,6/10/1975
619,Jakobssen,Geralda,1/24/1957
620,Vyvyan,Terencio,4/14/1974
621,Pennaman,Rosy,3/12/1967
622,de la Valette Parisot,Tasha,4/16/1973
623,Livezley,Britt,8/18/1974
624,Eilert,Pandora,5/22/1969
625,Brailsford,Rahal,4/9/1961
626,Kaubisch,Livvyy,4/12/1964
627,Punt,Paulette,2/8/1965
628,Dorbon,Jen,4/1/1978
629,Shelf,Lita,1/16/1979
630,Halladey,Andeee,3/10/1964
631,Vedyaev,Kirby,6/24/1958
632,Wooff,Marnia,4/5/1960
633,Tulley,Blakeley,7/23/1970
634,Macenzy,Vince,7/18/1981
635,Lefley,Hillary,8/3/1956
636,Giacubbo,Morey,3/12/1968
637,Exell,Gan,1/17/1970
638,Bartosch,Wernher,2/26/1968
639,Minghi,Murdock,1/22/1965
640,Swindles,Violante,10/30/1961
641,Jakaway,Liane,10/29/1960
642,Tolman,Othelia,5/30/1969
643,Lyles,Andonis,8/24/1974
644,Bianco,Waldemar,5/28/1979
645,Colborn,Elinor,12/24/1965
646,Yielding,Fianna,2/18/1962
647,Sheed,Clifford,9/28/1955
648,Skellern,Katha,3/10/1962
649,Presnall,Rad,3/2/1978
650,Yanshinov,Tyne,7/18/1962
651,Mackerel,Theadora,11/6/1970
652,Peartree,Kiley,9/25/1959
653,McDougle,Nichol,8/1/1975
654,Maro,Fianna,3/20/1974
655,Birnie,Doria,1/26/1970
656,Matei,Ivor,12/18/1959
657,Kuna,Edyth,12/10/1969
658,Woolfall,Tiphani,1/19/1961
659,Vittery,Jo ann,2/9/1975
660,Oxenford,Tabbi,5/10/1970
661,Adamiak,Laural,9/22/1977
662,Vicar,Perrine,10/30/1979
663,Threader,Davidde,11/1/1975
664,Fielder,Orly,5/22/1960
665,Brownjohn,Gardiner,1/21/1977
666,Goodswen,Winne,2/18/1971
667,Jeandon,Bobette,8/15/1955
668,Tatford,Neils,12/30/1959
669,Ivanenko,Merridie,8/28/1963
670,MacCole,Sharona,11/12/1967
671,Scholefield,Jerry,8/23/1977
672,Stegel,Caleb,8/1/1959
673,Lodovichi,Suzann,10/29/1955
674,Sweeting,Ollie,8/4/1969
675,Eaglesham,Nappy,7/27/1974
676,Crilley,Roselle,6/1/1981
677,Cardero,Melinda,12/23/1961
678,Casotti,Genna,5/16/1968
679,Blackader,Liva,5/1/1956
680,Angric,Cam,3/29/1963
681,Wagstaffe,Jorey,4/28/1974
682,Garnham,Constancy,12/6/1968
683,Mottini,Upton,1/19/1958
684,Sugden,Cleveland,7/25/1959
685,Cutteridge,Jewel,3/25/1968
686,Frangione,Yves,9/18/1964
687,Chatburn,Enrique,9/16/1956
688,Soppit,Joseph,1/13/1966
689,McDougle,Aviva,8/7/1960
690,O'Skehan,Dominic,2/20/1971
691,Feldbrin,Morley,12/12/1966
692,Truscott,Glynda,3/4/1955
693,Yuryshev,Kari,3/1/1973
694,Stones,Umberto,10/29/1974
695,Sharma,Lothario,11/5/1957
696,Markovich,Rivalee,8/21/1964
697,McOmish,Vi,10/19/1965
698,Eales,Chrysa,10/2/1982
699,Cyster,Emilio,11/12/1971
700,Vaissiere,Benedicto,3/10/1967
701,Chatto,Wally,9/16/1958
702,Cathie,Chico,4/16/1968
703,Torbard,Hermine,8/16/1969
704,McCoole,Celinda,7/5/1958
705,Rouge,Caria,11/19/1972
706,Tranfield,Madella,4/26/1957
707,Wilcher,Milton,11/9/1960
708,Hexham,Meade,5/5/1972
709,De Biasi,Benita,8/5/1962
710,Witcher,Tabby,9/14/1959
711,Eldered,Vin,5/22/1956
712,Willson,Sergei,8/23/1965
713,Roisen,Mordy,2/24/1969
714,Parslow,Syd,7/5/1959
715,Roby,Reggie,9/24/1979
716,McNutt,Burty,11/1/1966
717,Hebdon,Clemmie,1/18/1982
718,Goldsmith,Cordelie,11/1/1977
719,Hallawell,Vitia,6/27/1963
720,Durn,Isidora,4/26/1969
721,Baniard,Miof mela,3/10/1963
722,Payze,Jehanna,9/22/1960
723,Ailmer,Shea,7/15/1976
724,Cray,Halimeda,4/30/1959
725,Gallone,Nanette,4/7/1976
726,Swinyard,Martie,6/17/1961
727,Donne,Jeramie,3/19/1955
728,Dallman,Whit,12/31/1968
729,Spurrior,Jada,5/17/1960
730,Stit,Fonsie,8/8/1958
731,Toma,Elwin,8/2/1972
732,Screech,Jyoti,5/30/1982
733,Blackly,Emery,9/18/1962
734,Castillou,Lorne,9/19/1968
735,Geddis,Sayers,6/22/1966
736,Bromidge,Ravid,3/1/1957
737,Pavic,Emmalee,9/26/1965
738,Cornes,Hobart,8/30/1956
739,Madre,Mella,3/9/1960
740,Bingle,Jere,5/20/1959
741,de Merida,Hillyer,3/31/1974
742,Antoniutti,Maxie,10/30/1976
743,Lapsley,Krispin,2/15/1971
744,Venning,Nikolaos,3/29/1970
745,Dowsey,Ollie,9/27/1970
746,Videler,Maxim,12/21/1959
747,Gumby,Elmore,10/22/1967
748,Bruckmann,Dillie,11/17/1975
749,Merali,Phyllida,1/5/1976
750,Cairns,Iggy,3/7/1973
751,Bausor,Catie,4/22/1976
752,Oylett,Yalonda,12/10/1980
753,Clapham,Kalindi,8/14/1971
754,Caswill,Melany,12/6/1973
755,Herkess,Darcy,7/20/1961
756,Fobidge,Timothea,3/29/1974
757,Luddy,Wye,10/11/1962
758,Heselwood,George,12/2/1981
759,Huet,Darelle,6/9/1975
760,Fellowes,Gabi,9/26/1968
761,Dedon,Phyllis,12/7/1965
762,Rapi,Jolie,8/14/1978
763,MacTeggart,Tanner,10/31/1963
764,Eagell,Wendel,8/26/1957
765,Ferraraccio,Teador,6/11/1961
766,Staunton,Dory,9/14/1955
767,Cleworth,Mandie,11/4/1974
768,Raraty,Ara,1/29/1978
769,St Leger,Ede,5/25/1961
770,Hessay,Sancho,5/28/1968
771,Pawlyn,Delilah,6/15/1976
772,Vest,Evelin,3/7/1956
773,Vella,Sammy,4/26/1957
774,Apthorpe,Melba,5/11/1957
775,Dyett,Van,12/6/1970
776,Absolem,Lexie,11/19/1972
777,Curwen,Harley,12/31/1980
778,Korf,Alexi,6/28/1977
779,Tribe,Alys,3/27/1956
780,Belsey,Thomasin,10/11/1977
781,Jedrzejewski,Torrin,2/20/1978
782,Osmant,Cleopatra,6/12/1962
783,Macallam,Karin,5/26/1971
784,Boulder,Martica,10/31/1961
785,Burris,Davin,8/10/1972
786,Prenty,Garry,1/23/1961
787,Lacknor,Josey,8/2/1977
788,Benasik,Guendolen,6/19/1963
789,Tidmarsh,Kaycee,11/23/1959
790,Balk,Bonny,5/9/1981
791,Georgeson,Nappy,2/20/1962
792,Dysert,Tammie,12/28/1957
793,Colt,Maure,3/3/1974
794,Pearman,Sayres,3/11/1960
795,Pixton,Susanetta,8/4/1960
796,Bang,Bob,1/4/1971
797,Minto,Etienne,4/18/1979
798,Baszniak,Edvard,2/17/1971
799,Mildner,Virgina,2/20/1961
800,Petrov,Rosalie,6/6/1965
801,Beardwell,Dermot,5/31/1963
802,McGurgan,Alla,11/28/1963
803,Moggan,Colman,6/24/1970
804,Gornal,Shaine,1/22/1976
805,Vane,Koo,4/9/1962
806,Fearne,Ertha,1/23/1977
807,Fairlie,Hesther,12/5/1981
808,Inman,Brear,1/2/1958
809,Algore,Allyson,1/24/1957
810,Bazelle,Minne,1/30/1971
811,Rens,Norrie,7/21/1965
812,Paling,Marline,12/5/1979
813,Cattlemull,Pearline,6/13/1959
814,Swaysland,Coleman,3/27/1972
815,Leckenby,Judon,10/17/1981
816,Sandeson,Bianka,7/22/1955
817,Fitzmaurice,Trevor,8/3/1967
818,Redwood,Maggee,3/17/1965
819,Durtnel,Earlie,11/4/1965
820,Sysland,Gabriele,7/9/1967
821,Cucinotta,Lotta,11/5/1955
822,Turfrey,Ugo,10/29/1977
823,Bog,Hermy,3/22/1980
824,Smallwood,Hannie,12/23/1980
825,Flight,Starlene,12/12/1955
826,Nisot,Brier,5/27/1975
827,Matson,Bartram,12/23/1980
828,Follit,Urbain,12/12/1971
829,Zarfati,Gus,7/25/1975
830,Naughton,Sada,8/5/1956
831,Renzini,Vivie,1/22/1982
832,Bateup,Conant,1/15/1981
833,Few,Wanids,6/19/1980
834,Cursey,Nance,3/27/1958
835,Cheltnam,Reginauld,4/12/1958
836,Urwin,Idell,11/30/1974
837,Rubel,Marcelo,3/21/1957
838,Skirvane,Jorgan,8/2/1956
839,Pettican,Grete,4/12/1970
840,Mabbs,Eliza,3/3/1976
841,Pickworth,Jory,12/26/1964
842,Tortice,Glyn,2/6/1969
843,Verchambre,Lucian,4/5/1965
844,Peatheyjohns,Reeta,7/15/1968
845,Daid,Gherardo,11/25/1972
846,Cust,Walton,6/25/1978
847,Mathou,Maryellen,11/27/1979
848,D'Aeth,Dasha,4/5/1961
849,Candelin,Nickola,10/2/1967
850,Greenham,Dorella,6/11/1967
851,Hurkett,Hagen,2/8/1972
852,Garrand,Kenon,12/23/1965
853,Paoletto,Mauricio,9/15/1972
854,Allsebrook,Gun,5/20/1976
855,Jickles,Roderic,8/16/1962
856,Ganders,Sandi,5/20/1962
857,Conaghy,Maris,2/13/1955
858,Drohan,Cosetta,6/21/1975
859,Poulden,Lilian,10/19/1966
860,Shelly,Gracie,8/20/1961
861,Wraggs,Lilah,1/23/1978
862,Gruszecki,Bronnie,1/14/1974
863,Ollis,Caryl,1/18/1978
864,Borrell,Jemie,4/2/1979
865,Chester,Pedro,3/11/1956
866,Lotherington,Karoline,3/2/1959
867,Joutapaitis,Julina,7/11/1977
868,Saffon,Missy,8/20/1971
869,Nuccii,Mariska,11/6/1970
870,Sisland,Rebekah,1/8/1975
871,Ropking,Flore,10/24/1958
872,Chastaing,Vanna,11/5/1972
873,Don,Rhianna,4/25/1973
874,Robilliard,Karlee,9/10/1977
875,Alekseev,Friedrich,8/9/1968
876,Randlesome,Thomasa,5/20/1956
877,Petroff,Anne-marie,10/22/1971
878,Mozzini,Goraud,12/28/1964
879,Heake,Griffin,9/30/1981
880,Caldeiro,Morris,4/27/1978
881,Weed,Mildrid,3/24/1964
882,Otridge,Ronnie,8/14/1962
883,Guilleton,Pepito,12/13/1963
884,Bourthoumieux,Esme,6/2/1968
885,Lindenfeld,Vladimir,2/26/1972
886,Borton,Giana,9/29/1962
887,Gadie,Suki,3/12/1959
888,Parman,Juline,3/17/1956
889,Lee,Essie,6/8/1969
890,Janovsky,Adrian,8/17/1961
891,Oxenbury,Enrika,11/29/1981
892,Gosalvez,Emogene,5/26/1963
893,Crossman,Sutton,7/10/1978
894,Poyntz,Ricca,8/31/1966
895,Empleton,Margaret,9/3/1955
896,Hush,Albina,6/26/1977
897,McDonald,Normand,2/6/1979
898,Jorin,Maggi,3/24/1982
899,Strathman,Elnora,2/13/1967
900,Mighele,Ebeneser,10/8/1981
901,Olek,Brittni,11/27/1982
902,Hansed,Clemmie,10/4/1974
903,Meakin,Garrek,12/19/1982
904,Tallon,Shelby,4/25/1968
905,Heningham,Avery,4/8/1957
906,Whipp,Blair,5/26/1971
907,Hatchett,Marissa,7/16/1982
908,Diano,Franklyn,4/11/1961
909,Danaher,Dewitt,7/29/1961
910,Brookz,Travus,2/9/1956
911,Tumulty,Margarete,5/15/1966
912,Eagle,Terri,2/5/1967
913,Setch,Margalo,11/5/1966
914,Menhci,Briana,6/11/1967
915,Stowers,Pammi,8/13/1974
916,Savaage,Margy,1/18/1962
917,Atger,Nat,4/13/1958
918,Bangiard,Agata,3/24/1970
919,Morit,Ernestine,4/24/1981
920,Bracchi,Jamie,10/7/1964
921,McChesney,Gretchen,11/2/1972
922,Seman,Courtney,8/19/1979
923,Bahlmann,Vidovic,7/8/1960
924,Dugdale,Anestassia,9/2/1978
925,Duck,Norry,1/5/1967
926,Geikie,Read,1/3/1981
927,Larkworthy,Morse,4/8/1977
928,Button,Marthe,6/1/1977
929,Gillice,Twila,9/24/1974
930,Golling,Beryl,10/27/1959
931,Jiri,Zechariah,1/7/1966
932,Hamner,Christan,9/18/1973
933,Wareing,Patience,9/11/1980
934,Ghilardi,Guthrey,4/12/1963
935,Zmitrovich,Rudolph,10/28/1965
936,McMylor,Mae,4/6/1959
937,Vankeev,Danit,6/13/1970
938,McEttigen,Davita,11/30/1982
939,Sinnat,Joey,5/2/1975
940,Melmore,Locke,8/14/1981
941,Dering,Luz,4/28/1973
942,Isitt,Fionna,2/26/1958
943,Mansel,Janel,10/24/1974
944,Romaynes,Nessi,7/14/1979
945,Risbridge,Nanine,10/4/1982
946,Simoes,Care,2/14/1973
947,Gatheral,Gay,4/24/1979
948,Hawksby,Avrom,3/31/1964
949,Pearle,Cicily,1/9/1958
950,Juliano,Bernelle,3/1/1963
951,Cawker,Westbrook,6/5/1982
952,Alesin,Meryl,12/6/1964
953,Fanner,Samson,9/18/1957
954,Pinxton,Noella,5/21/1982
955,Cartmill,Cristine,7/28/1982
956,McGettigan,Salmon,5/24/1980
957,Loachhead,Cedric,9/9/1968
958,Broadbear,Viviene,8/26/1957
959,Dominighi,Harper,10/24/1981
960,Junkinson,Ealasaid,3/27/1957
961,Shird,Gaelan,12/1/1976
962,Dayne,Ximenes,2/15/1960
963,Crut,Maye,12/17/1968
964,Corradini,Coralie,5/31/1962
965,Ludlamme,Storm,5/17/1970
966,Pearle,Demott,10/1/1958
967,Mountfort,Nancy,3/13/1959
968,Hissett,Izzy,10/30/1955
969,Marlen,Kelcie,6/24/1956
970,Bachellier,Gasper,5/27/1963
971,Reary,Patin,6/12/1978
972,Sommerlin,Norry,6/28/1955
973,Jump,Thoma,3/17/1964
974,Ghelerdini,Elna,10/28/1980
975,Brosius,Ainslie,10/20/1972
976,Wolstenholme,Lutero,10/7/1956
977,Bolliver,Harri,11/14/1957
978,Biers,Eugenio,8/9/1962
979,Espadero,Jeanine,1/7/1979
980,Treven,Tedmund,12/20/1960
981,Beel,Kelley,7/1/1972
982,Kornalik,Lynnet,8/21/1959
983,Sheridan,Randolf,7/8/1970
984,Mattioli,Pippa,5/2/1959
985,Balmann,Danell,3/19/1966
986,Biggadike,Riannon,5/8/1967
987,Grossier,Latashia,11/7/1962
988,Pourvoieur,Normand,7/2/1956
989,Sneaker,Sonnie,9/8/1978
990,Goracci,Winona,10/30/1978
991,Player,Thadeus,5/25/1959
992,McLukie,Edgardo,1/6/1974
993,Cleaton,Thom,2/6/1974
994,Ferne,Carmelle,6/5/1971
995,Mosconi,Lillis,9/17/1963
996,Sporle,Selestina,11/3/1982
997,Spires,Josefina,8/9/1974
998,MacLeese,Shepherd,6/17/1957
999,Hussell,Wolfy,8/14/1967
1000,Conti,Drew,11/4/1959
